{"paper": [200, 170, 100, 130, 100, 90, 70], "calculated": [195.1219512195122, 129.87012987012986, 81.30081300813008, 78.125, 75.75757575757575, 37.174721189591075, 34.96503496503497]}